model,nucleotide_accuracy,log_likelihood,perplexity
MarkovChain (k=2),0.21744444444444444,-1.486802374437201,4.422930009015909
ECT (ours),0.9724444444444444,-0.10771597095603988,1.1137313684026726
